[
    {
        "quote": "Programar é como um relacionamento: você começa cheio de amor, mas logo se depara com muitos bugs."
    },
    {
        "quote": "Eu não tenho problemas, só tenho ‘features’ que ainda não foram implementadas!"
    },
    {
        "quote": "Por que os programadores preferem o escuro? Porque a luz atrai bugs!"
    },
    {
        "quote": "Programação: onde você pode passar horas resolvendo um problema que poderia ser resolvido em 10 minutos com um bom ‘Google’."
    },
    {
        "quote": "Debugging: a arte de remover os erros que você nunca deveria ter colocado."
    },
    {
        "quote": "Um programador é alguém que resolve um problema que você não sabia que tinha de uma maneira que você não entende."
    },
    {
        "quote": "A única linguagem que eu realmente entendo é a linguagem do café."
    },
    {
        "quote": "Como você sabe que um programador está em um relacionamento? Ele não para de falar sobre suas ‘variáveis’!"
    },
    {
        "quote": "A programação é 10% escrita e 90% procurando por erros de digitação."
    },
    {
        "quote": "Se programar fosse fácil, seria chamado de ‘tranquilo’!"
    },
    {
        "quote": "Raciocínio racional"
    }
]